{
  "High": {
    "count": 94.0,
    "mean": 34673.30416805186,
    "std": 8086.783623701737,
    "min": 20683.822265625,
    "25%": 29956.033203125,
    "50%": 32131.6328125,
    "75%": 40761.791015625,
    "max": 48086.8359375
  },
  "Low": {
    "count": 94.0,
    "mean": 33093.58965674867,
    "std": 8123.880221640924,
    "min": 17708.623046875,
    "25%": 28711.7841796875,
    "50%": 29982.5341796875,
    "75%": 39562.7529296875,
    "max": 47100.4375
  },
  "Open": {
    "count": 94.0,
    "mean": 34036.52738530585,
    "std": 8045.280634149801,
    "min": 19010.90234375,
    "25%": 29212.6796875,
    "50%": 31547.8037109375,
    "75%": 40440.7607421875,
    "max": 47456.8984375
  },
  "Close": {
    "count": 94.0,
    "mean": 33792.01608211436,
    "std": 8079.0834706613105,
    "min": 19017.642578125,
    "25%": 29124.36767578125,
    "50%": 31337.892578125,
    "75%": 40350.1591796875,
    "max": 47465.73046875
  },
  "Volume": {
    "count": 94.0,
    "mean": 31524820570.414894,
    "std": 11122622776.435286,
    "min": 16050772496.0,
    "25%": 25902022325.25,
    "50%": 30054767817.0,
    "75%": 35362075452.5,
    "max": 70388855818.0
  },
  "Adj Close": {
    "count": 94.0,
    "mean": 33792.01608211436,
    "std": 8079.0834706613105,
    "min": 19017.642578125,
    "25%": 29124.36767578125,
    "50%": 31337.892578125,
    "75%": 40350.1591796875,
    "max": 47465.73046875
  }
}